{
  "interactionModel": {
    "languageModel": {
      "intents": [
        {
          "slots": [
            {
              "name": "pregunta",
              "type": "AMAZON.SearchQuery"
            }
          ],
          "name": "OpenAIIntent",
          "samples": [
            "cuál es tu {pregunta}",
            "dime sobre {pregunta}",
            "puedes responder {pregunta}",
            "qué sabes sobre {pregunta}",
            "murdo {pregunta}"
          ]
        },
        {
          "name": "AMAZON.HelpIntent",
          "samples": []
        },
        {
          "name": "AMAZON.CancelIntent",
          "samples": []
        },
        {
          "name": "AMAZON.StopIntent",
          "samples": []
        },
        {
          "name": "AMAZON.NavigateHomeIntent",
          "samples": []
        }
      ],
      "types": [],
      "invocationName": "don murdo"
    }
  }
}